{
    "train_loss": [
        10.518523514270782,
        6.835255682468414,
        4.620634950697422,
        3.4864466041326523,
        2.6765076741576195,
        1.7020333912223577,
        1.253404501825571,
        0.7041160464286804,
        2.132861701771617,
        2.378105940297246,
        2.184694283641875,
        1.0887186829932034,
        0.39428757736459374,
        0.387659746222198,
        0.384991692379117,
        0.17582454858347774,
        0.31140259141102433
    ],
    "train_acc": [
        0.6648351648351648,
        0.8315018315018315,
        0.9230769230769231,
        0.9468864468864469,
        0.9505494505494505,
        0.9725274725274725,
        0.9816849816849816,
        0.9908424908424909,
        0.9926739926739927,
        0.9432234432234432,
        0.9468864468864469,
        0.9761904761904762,
        0.9981684981684982,
        0.9963369963369964,
        0.9945054945054945,
        1.0,
        0.9981684981684982
    ],
    "val_acc": [
        0.8333333333333334,
        0.8717948717948718,
        0.9102564102564102,
        0.8589743589743589,
        0.8974358974358975,
        0.8717948717948718,
        0.9358974358974359,
        0.9230769230769231,
        0.8974358974358975,
        0.9230769230769231,
        0.8974358974358975,
        0.9230769230769231,
        0.9358974358974359,
        0.9358974358974359,
        0.9358974358974359,
        0.9358974358974359,
        0.9358974358974359
    ],
    "val_f1": [
        0.8869565217391304,
        0.9122807017543859,
        0.9401709401709402,
        0.9105691056910569,
        0.9322033898305084,
        0.9166666666666666,
        0.9572649572649573,
        0.9491525423728814,
        0.9333333333333333,
        0.9482758620689655,
        0.9333333333333333,
        0.9491525423728814,
        0.9572649572649573,
        0.9572649572649573,
        0.9572649572649573,
        0.9572649572649573,
        0.9572649572649573
    ],
    "lr": [
        0.0001,
        0.0001,
        0.0001,
        0.0001,
        0.0001,
        0.0001,
        0.0001,
        0.0001,
        0.0001,
        0.0001,
        5e-05,
        5e-05,
        5e-05,
        5e-05,
        2.5e-05,
        2.5e-05,
        2.5e-05
    ]
}